{
  "command.activateIcons": "Material Icons: Aktivovat téma ikon",
  "command.toggleIconPacks": "Material Icons: Konfigurace sad ikon",
  "command.changeFolderTheme": "Material Icons: Změnit motiv složky",
  "command.changeFolderColor": "Material Icons: Změnit barvu složky",
  "command.changeFileColor": "Material Icons: Změnit barvu souboru",
  "command.restoreDefaultConfig": "Material Icons: Obnovit výchozí konfiguraci",
  "command.toggleExplorerArrows": "Material Icons: Přepnout šipky Průzkumníka",
  "command.changeOpacity": "Material Icons: Změnit průhlednost",
  "command.toggleGrayscale": "Material Icons: Přepnout odstíny šedé",
  "command.changeSaturation": "Material Icons: Změnit saturaci",
  "configuration.title": "Material Icons",
  "configuration.files.associations": "Nastavit vlastní přidružení ikony souboru.",
  "configuration.folders.associations": "Nastavit vlastní přidružení ikony složky.",
  "configuration.languages.associations": "Nastavit vlastní přidružení ikon jazyka.",
  "configuration.activeIconPack": "Vybrat sadu ikon, která povoluje konkrétní ikony.",
  "configuration.activeIconPack.angular": "Ikony pro Angular.",
  "configuration.activeIconPack.angular_ngrx": "Ikony pro Angular a ngrx.",
  "configuration.activeIconPack.react": "Ikony pro React.",
  "configuration.activeIconPack.react_redux": "Ikony pro React a Redux.",
  "configuration.activeIconPack.qwik": "Ikony pro Qwik.",
  "configuration.activeIconPack.vue": "Ikony pro Vue.",
  "configuration.activeIconPack.vue_vuex": "Ikony pro Vue a Vuex.",
  "configuration.activeIconPack.nest": "Ikony pro NestJS.",
  "configuration.activeIconPack.none": "Není povolena žádná sada ikon.",
  "configuration.folders.theme": "Nastavit typ ikon složek.",
  "configuration.folders.theme.specific": "Vybrat ikony konkrétní složky.",
  "configuration.folders.theme.classic": "Vybrat klasické ikony složek.",
  "configuration.folders.theme.none": "Žádné ikony složek.",
  "configuration.folders.color": "Změnit barvu ikon složek.",
  "configuration.files.color": "Změnit barvu ikon souborů.",
  "configuration.hidesExplorerArrows": "Před složkou skrýt šipky průzkumníka.",
  "configuration.opacity": "Změnit průhlednost ikon.",
  "configuration.saturation": "Změnit saturaci ikon."
}
