{
  "command.activateIcons": "Material Icons: Activer les icônes",
  "command.toggleIconPacks": "Material Icons: Configurer les Packs d'icônes",
  "command.changeFolderTheme": "Material Icons: Changer le thème du dossier",
  "command.restoreDefaultConfig": "Material Icons: Restaurer le paramètre par défaut",
  "command.toggleExplorerArrows": "Material Icons: Configurer les flèches devant les dossiers",
  "command.changeFolderColor": "Material Icons: Changer la couleur du dossier",
  "command.changeOpacity": "Material Icons: Changer l'opacité",
  "configuration.title": "Material Icons",
  "configuration.files.associations": "Configurer des associations d'icônes de fichiers personnalisés.",
  "configuration.folders.associations": "Configurer des associations d'icônes de dossier personnalisées.",
  "configuration.languages.associations": "Configurer des associations d'icônes de langue personnalisées.",
  "configuration.activeIconPack": "Sélectionner un pack d'icônes qui active des icônes spécifiques.",
  "configuration.activeIconPack.angular": "Icônes pour Angular.",
  "configuration.activeIconPack.angular_ngrx": "Icônes pour Angular et ngrx.",
  "configuration.activeIconPack.react": "Icônes pour React.",
  "configuration.activeIconPack.react_redux": "Icônes pour React et Redux.",
  "configuration.activeIconPack.qwik": "Icônes pour Qwik.",
  "configuration.activeIconPack.vue": "Icônes pour Vue.",
  "configuration.activeIconPack.vue_vuex": "Icônes pour Vue et Vuex.",
  "configuration.activeIconPack.nest": "Icônes pour NestJS.",
  "configuration.activeIconPack.none": "Aucun pack d'icônes n'est actif.",
  "configuration.folders.theme": "Sélectionner le type d'icônes de dossier.",
  "configuration.folders.theme.specific": "Sélectionner des icônes de dossiers spécifiques.",
  "configuration.folders.theme.classic": "Sélectionner les icônes des dossiers classiques.",
  "configuration.folders.theme.none": "Pas d'icônes de dossier.",
  "configuration.folders.color": "Changer la couleur des icônes du dossier.",
  "configuration.hidesExplorerArrows": "Désactiver les flèches devant les dossiers.",
  "configuration.opacity": "Ajuster l'opacité des icônes."
}
