{
  "command.activateIcons": "Material Icons: Habilitar tema de ícones",
  "command.toggleIconPacks": "Material Icons: Configurar pacote de ícones",
  "command.changeFolderTheme": "Material Icons: Alterar tema dos directórios",
  "command.changeFolderColor": "Material Icons: Alterar cor dos directórios",
  "command.restoreDefaultConfig": "Material Icons: Restaurar configuração padrão",
  "command.toggleExplorerArrows": "Material Icons: Esconder as setas ao lado dos directórios",
  "command.changeOpacity": "Material Icons: Alterar a opacidade",
  "configuration.title": "Material Icons",
  "configuration.files.associations": "Definir ícones para associações de ficheiros peronslizados.",
  "configuration.folders.associations": "Definir ícones para associações de directórios personalizados.",
  "configuration.languages.associations": "Definir ícones para associações de idiomas personalizados.",
  "configuration.activeIconPack": "Selecciona um pacote de ícones que habilitam ícones específicos.",
  "configuration.activeIconPack.angular": "Ícones para Angular.",
  "configuration.activeIconPack.angular_ngrx": "Ícones para Angular e ngrx.",
  "configuration.activeIconPack.react": "Ícones para React.",
  "configuration.activeIconPack.react_redux": "Ícones para React e ngrx.",
  "configuration.activeIconPack.qwik": "Ícones para Qwik.",
  "configuration.activeIconPack.vue": "Ícones para Vue.",
  "configuration.activeIconPack.vue_vuex": "Ícones para Vue e Vuex.",
  "configuration.activeIconPack.nest": "Ícones para NestJS.",
  "configuration.activeIconPack.none": "Nenhum pacote de ícones ativado.",
  "configuration.folders.theme": "Definir o formato dos ícones dos directórios.",
  "configuration.folders.theme.specific": "Selecciona ícones de pastas específicas.",
  "configuration.folders.theme.classic": "Selecciona ícones de pastas clássicas.",
  "configuration.folders.theme.none": "Nenhum ícone de pasta.",
  "configuration.folders.color": "Alterar a cor dos ícones dos directórios.",
  "configuration.hidesExplorerArrows": "Esconder as setas ao lado dos directórios no explorador de ficheiros.",
  "configuration.opacity": "Alterar a opacidade dos ícones."
}
